-- phpMyAdmin SQL Dump
-- version 5.2.0
-- https://www.phpmyadmin.net/
--
-- Host: localhost:3306
-- Generation Time: Nov 18, 2024 at 02:27 PM
-- Server version: 8.0.30
-- PHP Version: 8.1.10

SET SQL_MODE = "NO_AUTO_VALUE_ON_ZERO";
START TRANSACTION;
SET time_zone = "+00:00";


/*!40101 SET @OLD_CHARACTER_SET_CLIENT=@@CHARACTER_SET_CLIENT */;
/*!40101 SET @OLD_CHARACTER_SET_RESULTS=@@CHARACTER_SET_RESULTS */;
/*!40101 SET @OLD_COLLATION_CONNECTION=@@COLLATION_CONNECTION */;
/*!40101 SET NAMES utf8mb4 */;

--
-- Database: `db_duan1`
--

-- --------------------------------------------------------

--
-- Table structure for table `account`
--

CREATE TABLE `account` (
  `id` int NOT NULL COMMENT 'pk',
  `user` varchar(50) NOT NULL COMMENT 'tên đăng nhập',
  `password` varchar(50) NOT NULL COMMENT 'mật khẩu',
  `email` varchar(255) NOT NULL COMMENT 'email',
  `address` varchar(255) NOT NULL COMMENT 'địa chỉ',
  `tel` varchar(10) NOT NULL COMMENT 'sdt',
  `role` tinyint NOT NULL DEFAULT '0' COMMENT '0 là người dùng,1 là admin',
  `status` tinyint NOT NULL DEFAULT '0' COMMENT '0 là active 1 là locked',
  `create_at` timestamp NOT NULL DEFAULT CURRENT_TIMESTAMP COMMENT 'tạo acc',
  `update_at` timestamp NOT NULL DEFAULT CURRENT_TIMESTAMP COMMENT 'cập nhật'
) ENGINE=InnoDB DEFAULT CHARSET=utf8mb4 COLLATE=utf8mb4_0900_ai_ci;

--
-- Dumping data for table `account`
--

INSERT INTO `account` (`id`, `user`, `password`, `email`, `address`, `tel`, `role`, `status`, `create_at`, `update_at`) VALUES
(1, 'user1', 'password1', 'user1@example.com', 'Address 1', '0123456789', 0, 0, '2024-11-18 14:23:49', '2024-11-18 14:23:49'),
(2, 'user2', 'password2', 'user2@example.com', 'Address 2', '0987654321', 0, 1, '2024-11-18 14:23:49', '2024-11-18 14:23:49'),
(3, 'admin', 'admin123', 'admin@example.com', 'Admin Address', '0112233445', 1, 0, '2024-11-18 14:23:49', '2024-11-18 14:23:49');

-- --------------------------------------------------------

--
-- Table structure for table `cart`
--

CREATE TABLE `cart` (
  `id_cart` int NOT NULL COMMENT 'pk',
  `id_user` int NOT NULL COMMENT 'fk user',
  `status` tinyint NOT NULL DEFAULT '0' COMMENT '0 chưa mua,1 đã mua',
  `total_money` int NOT NULL COMMENT 'tổng giá',
  `created_at` timestamp NOT NULL DEFAULT CURRENT_TIMESTAMP COMMENT 'tạo',
  `updated_at` timestamp NOT NULL DEFAULT CURRENT_TIMESTAMP ON UPDATE CURRENT_TIMESTAMP COMMENT 'update'
) ENGINE=InnoDB DEFAULT CHARSET=utf8mb4 COLLATE=utf8mb4_0900_ai_ci;

--
-- Dumping data for table `cart`
--

INSERT INTO `cart` (`id_cart`, `id_user`, `status`, `total_money`, `created_at`, `updated_at`) VALUES
(1, 1, 1, 1000, '2024-11-18 14:23:52', '2024-11-18 14:23:52'),
(2, 2, 2, 2000, '2024-11-18 14:23:52', '2024-11-18 14:23:52'),
(3, 3, 3, 3000, '2024-11-18 14:23:52', '2024-11-18 14:23:52');

-- --------------------------------------------------------

--
-- Table structure for table `cart_details`
--

CREATE TABLE `cart_details` (
  `id_detail` int NOT NULL COMMENT 'pk',
  `id_cart` int NOT NULL COMMENT 'fk cart',
  `id_pro` int NOT NULL COMMENT 'fk product',
  `Quantity` int NOT NULL COMMENT 'số lượng',
  `money` decimal(10,2) NOT NULL COMMENT 'giá',
  `total_money` decimal(10,2) NOT NULL COMMENT 'tổng giá',
  `created_at` timestamp NOT NULL DEFAULT CURRENT_TIMESTAMP COMMENT 'tạo',
  `updated_at` timestamp NOT NULL DEFAULT CURRENT_TIMESTAMP COMMENT 'update'
) ENGINE=InnoDB DEFAULT CHARSET=utf8mb4 COLLATE=utf8mb4_0900_ai_ci;

--
-- Dumping data for table `cart_details`
--

INSERT INTO `cart_details` (`id_detail`, `id_cart`, `id_pro`, `Quantity`, `money`, `total_money`, `created_at`, `updated_at`) VALUES
(1, 1, 1, 2, '25000.00', '50000.00', '2024-11-18 14:24:12', '2024-11-18 14:24:12'),
(2, 2, 2, 1, '75000.00', '75000.00', '2024-11-18 14:24:12', '2024-11-18 14:24:12'),
(3, 3, 3, 1, '100000.00', '100000.00', '2024-11-18 14:24:12', '2024-11-18 14:24:12');

-- --------------------------------------------------------

--
-- Table structure for table `categories`
--

CREATE TABLE `categories` (
  `id` int NOT NULL COMMENT 'id danh mục',
  `name` varchar(255) NOT NULL COMMENT 'tên',
  `status_categories` tinyint NOT NULL DEFAULT '0' COMMENT '0 là hoạt động,1 là không hoạt động'
) ENGINE=InnoDB DEFAULT CHARSET=utf8mb4 COLLATE=utf8mb4_0900_ai_ci;

--
-- Dumping data for table `categories`
--

INSERT INTO `categories` (`id`, `name`, `status_categories`) VALUES
(1, 'Danh mục 1', 1),
(2, 'Danh mục 2', 1),
(3, 'Danh mục 3', 1);

-- --------------------------------------------------------

--
-- Table structure for table `color`
--

CREATE TABLE `color` (
  `id` int NOT NULL COMMENT 'pk',
  `name` varchar(255) NOT NULL COMMENT 'tên màu',
  `status` tinyint DEFAULT '0' COMMENT '0 hoạt động , 1 không hoạt động'
) ENGINE=InnoDB DEFAULT CHARSET=utf8mb4 COLLATE=utf8mb4_0900_ai_ci;

--
-- Dumping data for table `color`
--

INSERT INTO `color` (`id`, `name`, `status`) VALUES
(1, 'Đen', 0),
(2, 'Trắng', 0),
(3, 'Đỏ', 1);

-- --------------------------------------------------------

--
-- Table structure for table `comment`
--

CREATE TABLE `comment` (
  `id_cmt` int NOT NULL COMMENT 'pk',
  `id_user` int NOT NULL COMMENT 'fk account',
  `id_pro` int NOT NULL COMMENT 'fk product',
  `conten` text NOT NULL COMMENT 'nội dung',
  `status` tinyint NOT NULL DEFAULT '0' COMMENT '0 chờ duyệt,1 đã duyệt',
  `time_comment` timestamp NOT NULL DEFAULT CURRENT_TIMESTAMP COMMENT 'thời gian'
) ENGINE=InnoDB DEFAULT CHARSET=utf8mb4 COLLATE=utf8mb4_0900_ai_ci;

--
-- Dumping data for table `comment`
--

INSERT INTO `comment` (`id_cmt`, `id_user`, `id_pro`, `conten`, `status`, `time_comment`) VALUES
(1, 1, 1, 'Sản phẩm rất tốt!', 1, '2024-11-18 14:27:18'),
(2, 2, 2, 'Hài lòng với sản phẩm.', 0, '2024-11-18 14:27:18'),
(3, 3, 3, 'Chưa nhận được hàng.', 0, '2024-11-18 14:27:18');

-- --------------------------------------------------------

--
-- Table structure for table `orders`
--

CREATE TABLE `orders` (
  `id_order` int NOT NULL COMMENT 'pk',
  `user_id` int NOT NULL COMMENT 'fk user account',
  `id_promotion` int NOT NULL COMMENT 'fk promotion - khuyến mãi',
  `name` varchar(255) CHARACTER SET utf8mb4 COLLATE utf8mb4_0900_ai_ci NOT NULL COMMENT 'Tên người nhận',
  `tel` varchar(10) NOT NULL COMMENT 'sdt người nhận',
  `shipping_address` varchar(255) CHARACTER SET utf8mb4 COLLATE utf8mb4_0900_ai_ci NOT NULL COMMENT 'địa chỉ người nhận',
  `status_order` tinyint NOT NULL DEFAULT '0' COMMENT '0 là đang chờ,1 đang giao,2 hoàn thành',
  `payment` tinyint NOT NULL DEFAULT '0' COMMENT '0 là thanh toán khi nhận hàng,1 là thanh toán online',
  `total_amount` int NOT NULL COMMENT 'tổng số lượng đơn hàng',
  `total_money` decimal(10,2) NOT NULL COMMENT 'tổng số tiền',
  `create_at` timestamp NOT NULL DEFAULT CURRENT_TIMESTAMP,
  `update_at` timestamp NOT NULL DEFAULT CURRENT_TIMESTAMP ON UPDATE CURRENT_TIMESTAMP
) ENGINE=InnoDB DEFAULT CHARSET=utf8mb4 COLLATE=utf8mb4_0900_ai_ci;

--
-- Dumping data for table `orders`
--

INSERT INTO `orders` (`id_order`, `user_id`, `id_promotion`, `name`, `tel`, `shipping_address`, `status_order`, `payment`, `total_amount`, `total_money`, `create_at`, `update_at`) VALUES
(1, 1, 1, 'Nguyễn Văn A', '0123456789', 'Hà Nội', 0, 0, 2, '100000.00', '2024-11-18 14:25:16', '2024-11-18 14:25:16'),
(2, 2, 2, 'Trần Thị B', '0987654321', 'Hồ Chí Minh', 1, 1, 1, '75000.00', '2024-11-18 14:25:16', '2024-11-18 14:25:16'),
(3, 3, 3, 'Lê Văn C', '0112233445', 'Đà Nẵng', 2, 0, 1, '100000.00', '2024-11-18 14:25:16', '2024-11-18 14:25:16');

-- --------------------------------------------------------

--
-- Table structure for table `order_items`
--

CREATE TABLE `order_items` (
  `id` int NOT NULL COMMENT 'pk',
  `order_id` int NOT NULL COMMENT 'fk order',
  `product_id` int NOT NULL COMMENT 'fk product',
  `quantity` int NOT NULL COMMENT 'số lượng',
  `price` decimal(10,2) NOT NULL COMMENT 'giá',
  `total_money` decimal(10,2) NOT NULL COMMENT 'tổng giá'
) ENGINE=InnoDB DEFAULT CHARSET=utf8mb4 COLLATE=utf8mb4_0900_ai_ci;

--
-- Dumping data for table `order_items`
--

INSERT INTO `order_items` (`id`, `order_id`, `product_id`, `quantity`, `price`, `total_money`) VALUES
(1, 1, 1, 2, '50000.00', '100000.00'),
(2, 2, 2, 1, '75000.00', '75000.00'),
(3, 3, 3, 1, '100000.00', '100000.00');

-- --------------------------------------------------------

--
-- Table structure for table `product`
--

CREATE TABLE `product` (
  `id` int NOT NULL COMMENT 'pk',
  `id_categories` int NOT NULL COMMENT 'fk categories',
  `name` varchar(255) NOT NULL COMMENT 'tên',
  `price` decimal(10,2) NOT NULL COMMENT 'giá',
  `img` varchar(255) NOT NULL COMMENT 'hình ảnh',
  `description` text NOT NULL COMMENT 'mô tả',
  `status` tinyint NOT NULL DEFAULT '0' COMMENT '0 là hoạt động,1 là không hoạt động',
  `created_at` timestamp NOT NULL DEFAULT CURRENT_TIMESTAMP,
  `updated_at` timestamp NOT NULL DEFAULT CURRENT_TIMESTAMP ON UPDATE CURRENT_TIMESTAMP
) ENGINE=InnoDB DEFAULT CHARSET=utf8mb4 COLLATE=utf8mb4_0900_ai_ci;

--
-- Dumping data for table `product`
--

INSERT INTO `product` (`id`, `id_categories`, `name`, `price`, `img`, `description`, `status`, `created_at`, `updated_at`) VALUES
(1, 1, 'Sản phẩm 1', '25000.00', 'image1.jpg', 'Mô tả sản phẩm 1', 1, '2024-11-18 14:20:51', '2024-11-18 14:20:51'),
(2, 1, 'Sản phẩm 2', '75000.00', 'image2.jpg', 'Mô tả sản phẩm 2', 1, '2024-11-18 14:20:51', '2024-11-18 14:20:51'),
(3, 1, 'Sản phẩm 3', '100000.00', 'image3.jpg', 'Mô tả sản phẩm 3', 1, '2024-11-18 14:20:51', '2024-11-18 14:20:51');

-- --------------------------------------------------------

--
-- Table structure for table `promotion`
--

CREATE TABLE `promotion` (
  `id` int NOT NULL COMMENT 'pk',
  `code` varchar(255) NOT NULL COMMENT 'mã giảm giá',
  `start_date` datetime NOT NULL COMMENT 'bắt đầu',
  `end_date` datetime NOT NULL COMMENT 'kết thúc',
  `quantity` int NOT NULL COMMENT 'số lượng',
  `min_money` int NOT NULL COMMENT 'số tiền áp dụng',
  `discount_value` decimal(5,2) NOT NULL COMMENT 'giá trị',
  `status` tinyint NOT NULL DEFAULT '0' COMMENT '0 là hoạt động,1 là hết thời gian'
) ENGINE=InnoDB DEFAULT CHARSET=utf8mb4 COLLATE=utf8mb4_0900_ai_ci;

--
-- Dumping data for table `promotion`
--

INSERT INTO `promotion` (`id`, `code`, `start_date`, `end_date`, `quantity`, `min_money`, `discount_value`, `status`) VALUES
(1, 'PROMO1', '2024-11-01 00:00:00', '2024-11-30 23:59:59', 10, 50000, '10.00', 0),
(2, 'PROMO2', '2024-11-05 00:00:00', '2024-12-05 23:59:59', 5, 75000, '15.00', 0),
(3, 'PROMO3', '2024-10-01 00:00:00', '2024-10-31 23:59:59', 3, 100000, '20.00', 1);

-- --------------------------------------------------------

--
-- Table structure for table `size`
--

CREATE TABLE `size` (
  `id` int NOT NULL COMMENT 'pk',
  `name` varchar(45) NOT NULL COMMENT 'tên màu vd x,m,l,xxl',
  `status` tinyint NOT NULL DEFAULT '0' COMMENT '0 hoạt động,1 không hoạt động '
) ENGINE=InnoDB DEFAULT CHARSET=utf8mb4 COLLATE=utf8mb4_0900_ai_ci;

--
-- Dumping data for table `size`
--

INSERT INTO `size` (`id`, `name`, `status`) VALUES
(1, 'M', 0),
(2, 'L', 0),
(3, 'XL', 1);

-- --------------------------------------------------------

--
-- Table structure for table `varianti`
--

CREATE TABLE `varianti` (
  `id_var` int NOT NULL COMMENT 'pk',
  `id_pro` int NOT NULL COMMENT 'fk product',
  `id_color` int NOT NULL COMMENT 'màu',
  `id_size` int NOT NULL COMMENT 'fk size',
  `price` int NOT NULL COMMENT 'giá',
  `quantity` int NOT NULL COMMENT 'só lượng',
  `img` varchar(255) NOT NULL COMMENT 'hình ảnh'
) ENGINE=InnoDB DEFAULT CHARSET=utf8mb4 COLLATE=utf8mb4_0900_ai_ci;

--
-- Dumping data for table `varianti`
--

INSERT INTO `varianti` (`id_var`, `id_pro`, `id_color`, `id_size`, `price`, `quantity`, `img`) VALUES
(1, 1, 1, 1, 50000, 10, 'giay1_var.jpg'),
(2, 2, 2, 2, 75000, 5, 'giay2_var.jpg'),
(3, 3, 3, 3, 100000, 3, 'giay3_var.jpg');

--
-- Indexes for dumped tables
--

--
-- Indexes for table `account`
--
ALTER TABLE `account`
  ADD PRIMARY KEY (`id`);

--
-- Indexes for table `cart`
--
ALTER TABLE `cart`
  ADD PRIMARY KEY (`id_cart`),
  ADD KEY `id_user` (`id_user`);

--
-- Indexes for table `cart_details`
--
ALTER TABLE `cart_details`
  ADD PRIMARY KEY (`id_detail`),
  ADD KEY `id_cart` (`id_cart`),
  ADD KEY `id_pro` (`id_pro`);

--
-- Indexes for table `categories`
--
ALTER TABLE `categories`
  ADD PRIMARY KEY (`id`);

--
-- Indexes for table `color`
--
ALTER TABLE `color`
  ADD PRIMARY KEY (`id`);

--
-- Indexes for table `comment`
--
ALTER TABLE `comment`
  ADD PRIMARY KEY (`id_cmt`),
  ADD KEY `id_pro` (`id_pro`),
  ADD KEY `id_user` (`id_user`);

--
-- Indexes for table `orders`
--
ALTER TABLE `orders`
  ADD PRIMARY KEY (`id_order`),
  ADD KEY `user_id` (`user_id`),
  ADD KEY `id_promotion` (`id_promotion`);

--
-- Indexes for table `order_items`
--
ALTER TABLE `order_items`
  ADD PRIMARY KEY (`id`),
  ADD KEY `order_id` (`order_id`),
  ADD KEY `product_id` (`product_id`);

--
-- Indexes for table `product`
--
ALTER TABLE `product`
  ADD PRIMARY KEY (`id`),
  ADD KEY `name` (`name`),
  ADD KEY `id_categories` (`id_categories`);

--
-- Indexes for table `promotion`
--
ALTER TABLE `promotion`
  ADD PRIMARY KEY (`id`),
  ADD KEY `code` (`code`);

--
-- Indexes for table `size`
--
ALTER TABLE `size`
  ADD PRIMARY KEY (`id`);

--
-- Indexes for table `varianti`
--
ALTER TABLE `varianti`
  ADD PRIMARY KEY (`id_var`),
  ADD KEY `id_pro` (`id_pro`),
  ADD KEY `id_color` (`id_color`),
  ADD KEY `id_size` (`id_size`);

--
-- AUTO_INCREMENT for dumped tables
--

--
-- AUTO_INCREMENT for table `account`
--
ALTER TABLE `account`
  MODIFY `id` int NOT NULL AUTO_INCREMENT COMMENT 'pk', AUTO_INCREMENT=27;

--
-- AUTO_INCREMENT for table `cart`
--
ALTER TABLE `cart`
  MODIFY `id_cart` int NOT NULL AUTO_INCREMENT COMMENT 'pk', AUTO_INCREMENT=4;

--
-- AUTO_INCREMENT for table `cart_details`
--
ALTER TABLE `cart_details`
  MODIFY `id_detail` int NOT NULL AUTO_INCREMENT COMMENT 'pk', AUTO_INCREMENT=4;

--
-- AUTO_INCREMENT for table `categories`
--
ALTER TABLE `categories`
  MODIFY `id` int NOT NULL AUTO_INCREMENT COMMENT 'id danh mục', AUTO_INCREMENT=4;

--
-- AUTO_INCREMENT for table `color`
--
ALTER TABLE `color`
  MODIFY `id` int NOT NULL AUTO_INCREMENT COMMENT 'pk', AUTO_INCREMENT=4;

--
-- AUTO_INCREMENT for table `comment`
--
ALTER TABLE `comment`
  MODIFY `id_cmt` int NOT NULL AUTO_INCREMENT COMMENT 'pk', AUTO_INCREMENT=21;

--
-- AUTO_INCREMENT for table `orders`
--
ALTER TABLE `orders`
  MODIFY `id_order` int NOT NULL AUTO_INCREMENT COMMENT 'pk', AUTO_INCREMENT=4;

--
-- AUTO_INCREMENT for table `order_items`
--
ALTER TABLE `order_items`
  MODIFY `id` int NOT NULL AUTO_INCREMENT COMMENT 'pk', AUTO_INCREMENT=4;

--
-- AUTO_INCREMENT for table `product`
--
ALTER TABLE `product`
  MODIFY `id` int NOT NULL AUTO_INCREMENT COMMENT 'pk', AUTO_INCREMENT=4;

--
-- AUTO_INCREMENT for table `promotion`
--
ALTER TABLE `promotion`
  MODIFY `id` int NOT NULL AUTO_INCREMENT COMMENT 'pk', AUTO_INCREMENT=4;

--
-- AUTO_INCREMENT for table `size`
--
ALTER TABLE `size`
  MODIFY `id` int NOT NULL AUTO_INCREMENT COMMENT 'pk', AUTO_INCREMENT=4;

--
-- AUTO_INCREMENT for table `varianti`
--
ALTER TABLE `varianti`
  MODIFY `id_var` int NOT NULL AUTO_INCREMENT COMMENT 'pk', AUTO_INCREMENT=4;

--
-- Constraints for dumped tables
--

--
-- Constraints for table `cart`
--
ALTER TABLE `cart`
  ADD CONSTRAINT `cart_ibfk_1` FOREIGN KEY (`id_user`) REFERENCES `account` (`id`) ON DELETE RESTRICT ON UPDATE RESTRICT;

--
-- Constraints for table `cart_details`
--
ALTER TABLE `cart_details`
  ADD CONSTRAINT `cart_details_ibfk_1` FOREIGN KEY (`id_cart`) REFERENCES `cart` (`id_cart`),
  ADD CONSTRAINT `cart_details_ibfk_2` FOREIGN KEY (`id_pro`) REFERENCES `product` (`id`);

--
-- Constraints for table `comment`
--
ALTER TABLE `comment`
  ADD CONSTRAINT `comment_ibfk_1` FOREIGN KEY (`id_pro`) REFERENCES `product` (`id`) ON DELETE RESTRICT ON UPDATE RESTRICT,
  ADD CONSTRAINT `comment_ibfk_2` FOREIGN KEY (`id_user`) REFERENCES `account` (`id`) ON DELETE RESTRICT ON UPDATE RESTRICT;

--
-- Constraints for table `orders`
--
ALTER TABLE `orders`
  ADD CONSTRAINT `orders_ibfk_1` FOREIGN KEY (`user_id`) REFERENCES `account` (`id`) ON DELETE RESTRICT ON UPDATE RESTRICT,
  ADD CONSTRAINT `orders_ibfk_2` FOREIGN KEY (`id_promotion`) REFERENCES `promotion` (`id`) ON DELETE RESTRICT ON UPDATE RESTRICT;

--
-- Constraints for table `order_items`
--
ALTER TABLE `order_items`
  ADD CONSTRAINT `order_items_ibfk_1` FOREIGN KEY (`order_id`) REFERENCES `orders` (`id_order`) ON DELETE RESTRICT ON UPDATE RESTRICT,
  ADD CONSTRAINT `order_items_ibfk_2` FOREIGN KEY (`product_id`) REFERENCES `product` (`id`) ON DELETE RESTRICT ON UPDATE RESTRICT;

--
-- Constraints for table `product`
--
ALTER TABLE `product`
  ADD CONSTRAINT `product_ibfk_1` FOREIGN KEY (`id_categories`) REFERENCES `categories` (`id`) ON DELETE RESTRICT ON UPDATE RESTRICT;

--
-- Constraints for table `varianti`
--
ALTER TABLE `varianti`
  ADD CONSTRAINT `varianti_ibfk_1` FOREIGN KEY (`id_pro`) REFERENCES `product` (`id`) ON DELETE RESTRICT ON UPDATE RESTRICT,
  ADD CONSTRAINT `varianti_ibfk_2` FOREIGN KEY (`id_color`) REFERENCES `color` (`id`) ON DELETE RESTRICT ON UPDATE RESTRICT,
  ADD CONSTRAINT `varianti_ibfk_3` FOREIGN KEY (`id_size`) REFERENCES `size` (`id`) ON DELETE RESTRICT ON UPDATE RESTRICT;
COMMIT;

/*!40101 SET CHARACTER_SET_CLIENT=@OLD_CHARACTER_SET_CLIENT */;
/*!40101 SET CHARACTER_SET_RESULTS=@OLD_CHARACTER_SET_RESULTS */;
/*!40101 SET COLLATION_CONNECTION=@OLD_COLLATION_CONNECTION */;
